epoch,acc,loss,lr,val_acc,val_loss
0,0.10764,9.67866096252,0.001,0.1088,9.66585235062
1,0.10228,9.87188919617,0.001,0.0948,10.2263895527
